,bleu,meteor,ter,elapsed_time,dp_scorer_n,sa_scorer_n,tems_lm_n,referrer_lm_n,txs_lm_n,max_dp,max_sa,max_refs,max_tems
4651861887509401877,60.54,0.4403654439741755,0.3469386096778126,632.448199033737,3,4,3,4,4,5,5,2,2
-6977859313495443,60.06,0.4374181347693712,0.35025393084955114,86.6600875854492,4,4,3,4,3,10,10,1,2
-1399576696931601404,59.38,0.432874609779955,0.3513752894811686,4158.50615596771,4,4,3,4,3,10,10,2,2
4578691573899966678,61.04,0.44362770530571694,0.3442570999065535,4258.38279891014,3,3,4,3,4,10,10,2,2
7909520701380772235,60.84,0.4420605527698837,0.3496688741721855,85.3886978626251,4,3,4,3,4,10,10,1,2
-7566088318072954021,60.82,0.4421504778853682,0.3461585341079918,2066.85042452812,4,4,3,3,4,5,10,2,2
8953023443697493918,60.33,0.4380058632612425,0.3491325722179337,46.4473593235015,4,4,3,4,3,5,10,1,2
-5480590344398518304,60.61,0.4421298119228963,0.3508389875269168,89.6703476905822,3,3,4,3,4,10,10,1,2
6211449852236742321,59.16,0.4342658539964521,0.3582984601633284,16.6987597942352,4,4,3,3,3,10,10,1,1
2016800176218783648,59.56,0.4343868931795619,0.3550806484378175,92.4978251457214,4,3,4,4,3,5,10,2,1
8407333737968372413,60.11,0.4388563199761256,0.3578109129321904,6.774279117584228,3,3,3,4,4,5,5,1,1
-6239134016624968664,59.74,0.4379919949790712,0.3521066103278756,90.057294845581,4,3,3,4,4,10,5,2,1
-6539035544881161712,59.87,0.43820370071665743,0.35122902531182715,194.3478608131408,4,3,3,3,4,10,10,2,1
-6225352816276811159,58.82,0.4316696888355969,0.3577621582090766,86.443374633789,4,3,3,4,3,10,5,2,1
-1641897173868681754,60.58,0.44161201097591996,0.35103400641937194,45.3797254562377,3,3,4,4,4,5,10,1,2
-2999328018261393986,59.48,0.43525810655393454,0.35586072400763835,6.9045124053955,4,3,3,3,3,5,5,1,1
8322557493258674857,60.57,0.43916130902112893,0.3498151383415269,45.6115112304687,3,4,4,4,3,10,5,1,2
4530264634720225566,60.0,0.43524062545557696,0.3483037419249991,583.111060380935,4,3,3,3,3,5,5,2,2
2533042417105854943,59.71,0.4352314915406535,0.35322796895949304,190.103193998336,4,4,4,3,3,10,10,2,1
-7590432814048339759,59.09,0.4325779145668528,0.3553731767765003,4148.36389183998,3,4,4,3,3,10,10,2,2
-487586627812561830,59.2,0.4320301355300169,0.35586072400763835,1413.360224246978,4,4,4,4,3,10,5,2,2
-4460905552452763709,60.44,0.4415976254383013,0.34718238329338164,1324.903101205825,3,3,3,3,4,10,5,2,2
-4782829917316174380,60.33,0.4390166539767739,0.3546418559297933,7.20178794860839,4,3,4,4,3,5,5,1,1
7114459667530670683,60.95,0.4419109763234788,0.3451834396457157,1886.150807619094,3,3,4,4,4,5,10,2,2
6261886104040778786,60.24,0.4398131128544164,0.3491813269410475,98.7521793842315,4,4,3,3,4,5,10,2,1
-4228683962798023616,60.53,0.4393771370113676,0.35103400641937194,89.6573095321655,3,3,4,4,3,10,10,1,2
-818662488617572305,59.51,0.4362218303037788,0.3560069881769797,11.57058763504028,3,4,3,4,3,10,5,1,1
-6075031556849100880,60.21,0.4401919249323368,0.3504001950188925,97.0437333583831,3,3,3,3,4,5,10,2,1
4744896424640969831,60.88,0.4424494135197551,0.34493966603014675,614.866518259048,4,3,3,3,4,5,5,2,2
1089786063067747899,60.13,0.43810788013709595,0.3558119692845245,9.76837134361267,4,4,3,3,4,5,10,1,1
7952611080502771892,60.01,0.4374781450305312,0.3501076666802097,22.80096817016601,3,3,3,3,3,5,5,1,2
4947847857595413412,60.85,0.4419932286481281,0.3452321943688296,4156.05905222892,3,3,4,4,4,10,10,2,2
991632239128950531,59.69,0.4350724087111022,0.35366676146751724,86.4496982097625,4,3,4,3,3,10,5,2,1
-35734495376577258,60.64,0.4417085328087405,0.3559582334538659,6.76888251304626,3,4,4,4,4,5,5,1,1
4395562345859553645,59.93,0.4359784369501945,0.35269166700524124,46.1004858016967,4,4,4,3,3,5,5,2,1
-4620182901193931755,60.92,0.4429571553628192,0.3476699305245197,87.9341609477996,3,4,4,4,4,10,10,1,2
-1284122462217528957,60.14,0.43760593917380775,0.3554706862227279,17.2179510593414,4,4,4,4,3,10,10,1,1
-8189533089611213113,59.17,0.4332825146159409,0.3555194409458417,44.632754325866,4,3,3,3,3,5,5,2,1
-1366457834536631322,59.29,0.4328710131094644,0.35649453540811776,44.331865787506,3,4,4,4,3,5,5,2,1
-5131228173330731642,59.24,0.4338480517956747,0.35430057286799665,46.338490486145,4,4,3,3,3,5,5,2,1
-7170305649576949332,60.57,0.44199074168656455,0.35376427091374485,11.7386844158172,3,4,4,3,4,10,5,1,1
-1302208763739992526,60.05,0.4377068240244711,0.3499126477877545,87.5693597793579,3,3,3,3,3,10,10,1,2
-2238429128281172612,61.42,0.44490595144223016,0.34177060902774964,605.727404356002,4,3,4,3,4,5,5,2,2
-8524238750778961467,60.72,0.44282366764427866,0.3477674399707473,47.171445608139,4,4,4,3,4,5,10,1,2
-3180237929232520121,59.27,0.4326156228636384,0.35035144029577875,4156.64960813522,3,4,3,4,3,10,10,2,2
-7868779927903718038,60.56,0.4418232632552658,0.35035144029577875,23.1946442127227,3,3,4,3,4,5,5,1,2
5517650110029840974,60.14,0.4393969134575945,0.3560557429000935,11.60601115226745,3,3,3,4,4,10,5,1,1
-5208233994925292391,59.72,0.4329984652114458,0.35352049729817586,681.304687976837,4,4,4,4,3,5,5,2,2
-8537322003282178960,60.17,0.4384997459654089,0.3557144598382969,11.58063602447509,4,4,3,4,4,10,5,1,1
-1563031964558302461,60.93,0.44162887892689584,0.3501076666802097,97.654572963714,3,4,4,3,4,5,10,2,1
-3414592949415357354,59.98,0.4355491999019633,0.35259415755901363,93.3761703968048,3,4,4,3,3,5,10,2,1
2555757602992852576,60.99,0.4436393046453681,0.34479340186080537,4395.44415736198,3,4,4,3,4,10,10,2,2
7494188591544902137,60.26,0.44010208933643535,0.3513752894811686,22.93858909606933,3,4,3,3,4,5,5,1,2
2371644721601147742,59.28,0.4328992782255014,0.35668955430057303,42.7888844013214,3,3,4,4,3,5,5,2,1
-2217983886115825282,60.21,0.4401591809871533,0.3495226100028441,46.2399761676788,4,3,3,3,4,5,5,2,1
-4254689633219775436,59.9,0.4380678502145223,0.357664648762849,6.60432982444763,3,3,3,3,4,5,5,1,1
-6528195429141920705,60.13,0.43771132542942215,0.3547881200991347,11.88406634330749,4,3,4,4,3,10,5,1,1
-2988037743605213777,59.51,0.4352396766911967,0.3560069881769797,6.85476779937744,4,4,3,3,3,5,5,1,1
493128625741420666,61.1,0.44325105732322223,0.34479340186080537,1918.66937804222,3,4,4,3,4,5,10,2,2
-5582158571856702044,59.39,0.4336447096327731,0.3514727989273962,1408.86797714233,4,4,3,3,3,10,5,2,2
7857491219372569854,59.66,0.4351829867593841,0.34815747775565764,1249.79020500183,3,3,3,3,3,10,5,2,2
8813700453363598387,60.51,0.43838342371776334,0.3499614025108683,86.3662385940551,4,3,4,4,3,10,10,1,2
7429050129570716994,60.75,0.4414264613870899,0.3500101572339821,90.0885827541351,4,3,4,3,4,10,5,2,1
7395397654572254039,59.98,0.4355608354707399,0.3504001950188925,1818.637361764907,3,4,4,3,3,5,10,2,2
-951129887307187088,60.37,0.4391511836374696,0.3544955917604519,10.28192090988159,4,4,4,4,3,5,10,1,1
-8675908927351579773,60.3,0.4383344681033501,0.34781619469386105,44.987256765365,4,4,3,3,3,5,10,1,2
-916801541066538971,59.38,0.4327711268253285,0.3511802705887134,3935.21449375152,4,3,3,4,3,10,10,2,2
-3790873431100837917,60.58,0.4421486342749303,0.3487425344330233,44.9655361175537,3,3,3,4,4,10,5,1,2
8312543058176234175,59.94,0.4357077547716485,0.35332547840572065,44.3040046691894,3,4,4,3,3,5,5,2,1
7309617401466521189,60.3,0.4389199902679418,0.3545443464835657,10.49574923515319,4,3,4,4,3,5,10,1,1
-6631954385562429897,59.95,0.4375158654288293,0.3558119692845245,10.23134875297546,4,3,3,4,4,5,10,1,1
6594297579914796121,60.24,0.4401729983525784,0.3497663836184131,98.1657743453979,3,3,3,4,4,5,10,2,1
8290616510004220430,60.13,0.4408390643655635,0.3499614025108683,93.2381076812744,3,4,3,3,4,10,5,2,1
-1600440369534676231,60.3,0.4388678583279716,0.3549343842684761,7.29972887039184,4,4,4,4,3,5,5,1,1
3097944731185154282,60.05,0.4358122412541647,0.34781619469386105,1954.81350660324,4,4,3,3,3,5,10,2,2
3780111537807524283,60.61,0.43881302436045777,0.35025393084955114,44.74348640441894,3,4,4,4,3,5,10,1,2
7361215504414547221,59.72,0.4337732447627053,0.3523016292203308,574.60654258728,4,3,4,3,3,5,5,2,2
6898278232506876436,59.9,0.4386118336739007,0.3518140819891928,94.6479840278625,4,4,3,3,4,10,5,2,1
-4749677098005283230,61.03,0.4424060575017261,0.34464713769146393,568.849431037902,3,3,4,4,4,5,5,2,2
5860656533869886706,60.98,0.4421434663552729,0.3498638930646407,46.5376884937286,3,4,4,3,4,5,5,2,1
515563441019854764,61.21,0.4431819631091212,0.3443546093527811,1960.170378684997,4,3,4,4,4,5,10,2,2
-2096125511474327132,60.59,0.4422321063756416,0.3507414780806892,86.98171210289,3,4,4,3,4,10,10,1,2
-5936367094003748512,60.86,0.4424343011308979,0.3474261569089506,44.7576525211334,4,3,3,4,4,10,5,1,2
-6381810587436448600,60.41,0.4410998629676845,0.3507902328038029,96.010088443756,3,3,4,4,4,10,5,2,1
-7124796939289271643,60.56,0.4417927355708187,0.35400804452931384,16.96676969528198,3,4,4,3,4,10,10,1,1
-8616766280968672675,58.81,0.4323652387482483,0.3562995165156625,90.134682893753,4,4,3,3,3,10,5,2,1
-8757273321853587577,60.25,0.4395777097534409,0.3490350627717061,100.2771613597869,4,4,3,4,4,5,10,2,1
3883796638562868344,59.39,0.4328526591662264,0.3512777800349411,1224.820094823837,4,3,3,4,3,10,5,2,2
722169698339983289,60.95,0.4424640972359188,0.34464713769146393,1431.19245648384,3,4,4,4,4,10,5,2,2
4246665953200374103,59.22,0.43153102263057785,0.3570308373623696,605.592187643051,3,4,4,4,3,5,5,2,2
-4917414472451566756,60.57,0.44067405311521657,0.3538130256368587,6.99544191360473,4,3,4,3,4,5,5,1,1
-6837614524666880220,59.36,0.4337412160336062,0.3553244220533865,188.7552778720855,3,4,4,4,3,10,10,2,1
-5489862081236724889,60.09,0.4381404599560194,0.3493275911103889,45.1750774383544,3,3,3,3,3,10,5,1,2
4246270901981393160,60.57,0.4409739937657791,0.35342298785194826,10.9035379886627,4,4,4,3,4,5,10,1,1
-4655890164828308596,58.98,0.4312901566885099,0.3563482712387763,1363.661960601806,3,4,4,4,3,10,5,2,2
501070653361841264,60.88,0.4419996867810341,0.35005891195709593,96.2515935897827,4,3,4,3,4,5,10,2,1
-1852763614651068230,60.78,0.4420337724169193,0.34659732661601594,1957.934153795242,4,3,3,3,4,5,10,2,2
-3335801284202564181,59.82,0.4370491405491143,0.35742087514728005,6.961208581924438,4,4,3,4,4,5,5,1,1
5458758332025930280,60.22,0.4388278680678368,0.3554219314996141,12.42062592506408,3,3,4,4,3,10,5,1,1
-2937747154930169816,60.55,0.441762431780509,0.35400804452931384,11.80727839469909,3,3,4,3,4,10,5,1,1
5917956018286286014,59.03,0.4328563254346172,0.3559094787307521,95.7475593090057,4,4,3,4,3,5,10,2,1
1400519047996341008,60.68,0.4424308326316805,0.3484012513712267,45.2769422531127,4,3,4,3,4,5,10,1,2
7945207030104616991,59.89,0.4345534230740253,0.3494738552797303,1981.29251384735,4,4,3,4,3,5,10,2,2
-6657375261092461202,59.48,0.4357546050859976,0.35664079957745914,10.14584612846374,4,3,3,4,3,5,10,1,1
2335344576628575889,60.59,0.4406377793960553,0.35352049729817586,7.08675861358642,4,4,4,3,4,5,5,1,1
-3275907117502842245,60.12,0.4378105872409444,0.3530817047901516,9.7352030277252,3,4,4,3,3,5,10,1,1
2299742340673650437,59.43,0.4335578127472162,0.35093649697314433,1210.328618526458,4,3,3,3,3,10,5,2,2
-4947230528192902931,60.65,0.4415576416136425,0.3457684963230814,1498.053732156753,4,4,3,3,4,10,5,2,2
-4761740690000372095,61.24,0.4432286855135419,0.3440620810140983,2102.32264971733,4,4,4,4,4,5,10,2,2
-6206763903224955271,60.73,0.4410742323121277,0.3495713647259579,85.95393037796,4,4,3,3,4,10,10,1,2
8624919450747191931,59.77,0.434174503704601,0.3501076666802097,589.465325355529,4,3,3,4,3,5,5,2,2
-7908229557886718118,60.04,0.4356679919042076,0.3508389875269168,520.94271993637,3,3,4,3,3,5,5,2,2
560014372842920941,60.64,0.4423409964257054,0.3545443464835657,12.25038146972656,3,3,4,4,4,10,5,1,1
-3295878435167922565,59.28,0.4332517735049605,0.35659204485434537,186.4770231246948,4,3,4,4,3,10,10,2,1
8808957484059133060,59.84,0.4359401158645441,0.352740421728355,89.7622923851013,3,4,4,3,3,10,5,2,1
2593896435682986697,60.23,0.4382186448610939,0.3518140819891928,11.04946374893188,4,4,4,3,3,5,10,1,1
-7736229754955448314,59.27,0.4325988651165137,0.35025393084955114,3893.62719488143,3,3,3,4,3,10,10,2,2
5375132464162632893,59.57,0.4339046532708636,0.3513752894811686,1802.28152251243,3,4,3,4,3,5,10,2,2
7140533507221345284,60.18,0.4379971366081865,0.35196034615853417,10.1802420616149,4,3,4,3,3,5,10,1,1
9016418910883642875,59.01,0.4325919494112609,0.35654329013123154,47.2653627395629,4,4,3,4,3,5,5,2,1
4358104889128546145,60.73,0.4417313312686555,0.3545443464835657,9.96704030036926,4,4,4,4,4,5,10,1,1
8592102904312342594,59.91,0.4365067196783501,0.3551781578840451,17.0033304691314,4,4,4,3,3,10,10,1,1
8479079240597839446,60.18,0.4378615173998079,0.35352049729817586,6.849500179290771,3,3,4,3,3,5,5,1,1
2066177482135045662,60.67,0.4420585134624248,0.3558119692845245,6.896565437316894,3,3,4,4,4,5,5,1,1
-7894780571355067240,60.55,0.4406416328679578,0.34737740218583685,1512.213684320449,4,4,3,4,4,10,5,2,2
3401466444402053398,60.45,0.4414858260687403,0.3514727989273962,23.15373563766479,3,4,4,3,4,5,5,1,2
-2695425335236257909,58.73,0.4314522994354827,0.3570795920854833,188.364777803421,3,4,3,4,3,10,10,2,1
7664916025638744922,60.15,0.4380458582042409,0.35586072400763835,9.67950916290283,4,3,3,3,4,5,10,1,1
5002552326609878609,59.98,0.4371336528167294,0.3514727989273962,44.6920456886291,3,3,3,3,3,5,10,1,2
3538828422987880884,59.51,0.4341102469090372,0.35639702596189016,47.31921815872192,4,4,4,4,3,5,5,2,1
2474595873535358817,59.99,0.4359922161987793,0.3515703083736238,92.0621750354766,4,3,4,3,3,5,10,2,1
3635501084991740407,60.13,0.4389671710917416,0.3563482712387763,16.78747391700744,3,4,3,4,4,10,10,1,1
-2290391163882700352,59.91,0.43675749983475376,0.3580059318246456,16.66164827346801,4,4,3,3,4,10,10,1,1
6238539414578399976,59.92,0.4361134220254552,0.35288668589769645,44.03597235679626,4,3,4,3,3,5,5,2,1
5433546827604526444,60.82,0.4430697046113569,0.3484987608174543,45.64410519599914,3,3,4,4,4,10,5,1,2
-5214347003293854974,60.44,0.4412409043204159,0.35035144029577875,45.7317018508911,3,3,3,3,4,10,5,1,2
5812143447903902800,58.79,0.4317574916103323,0.3582009507171008,94.1915388107299,3,4,3,4,3,5,10,2,1
-9135288465267816035,60.48,0.4406272280189607,0.34659732661601594,1811.665832757949,3,3,3,3,4,5,10,2,2
-2264502593001712554,59.48,0.4360039624316173,0.3567870637468006,19.2457489967346,3,3,3,4,3,10,10,1,1
-4693522563767741860,60.44,0.4411872683297836,0.3503026855726649,191.8845167160034,3,3,4,4,4,10,10,2,1
-3090681677006071333,60.27,0.4379961104936351,0.3487425344330233,24.4446940422058,4,4,3,4,3,5,5,1,2
-3324429057754492241,60.57,0.44219408687982736,0.3482062324787715,45.23132991790771,3,4,3,4,4,10,5,1,2
-9013729599142023255,60.95,0.4423170414057868,0.3499126477877545,46.2055819034576,4,3,4,3,4,5,5,2,1
-4097089999832395487,60.8,0.4430489193630171,0.3496201194490717,93.1875619888305,3,4,4,3,4,10,5,2,1
-3303234265224482906,60.34,0.43856842915085664,0.347328647462723,23.7561378479003,4,4,3,3,3,5,5,1,2
6363507060444293402,59.73,0.4338957991970732,0.35005891195709593,685.806766748428,4,4,3,4,3,5,5,2,2
-3487623369778368049,59.33,0.4327682425749492,0.35639702596189016,93.7746038436889,3,4,4,4,3,5,10,2,1
-6163409857200615605,60.97,0.4416956181347495,0.3459147604924228,1503.336048603057,4,4,4,4,4,10,5,2,2
-5010767490025407593,61.16,0.4435251299617801,0.3437207979523017,1282.008655309677,4,3,4,3,4,10,5,2,2
6538290786596471995,60.51,0.4413471746139775,0.3544955917604519,6.81928539276123,3,3,4,3,4,5,5,1,1
6064183732232195024,58.77,0.4322013562931665,0.3558119692845245,188.947392463684,4,4,3,3,3,10,10,2,1
-7698397629360687,60.61,0.43968630706709055,0.3502051761264373,45.776064872741,3,3,4,4,3,10,5,1,2
6773536922113550839,60.87,0.4424241792941061,0.3486937797099095,45.0280673503875,4,4,4,3,4,10,5,1,2
-4128596012314405065,59.15,0.4325822075981807,0.3550806484378175,3923.982469320297,4,3,4,3,3,10,10,2,2
-2411389566206606139,59.66,0.432894275879654,0.3539592898062001,1880.15133714675,4,3,4,4,3,5,10,2,2
-5812363876490049343,60.33,0.43867979776860505,0.3506927233575753,86.473398923873,3,4,4,3,3,10,10,1,2
-5832804137244976425,60.27,0.4382777040288036,0.3499614025108683,86.59992885589,4,4,4,3,3,10,10,1,2
6723161450004864718,60.11,0.4408048218200049,0.3496688741721855,91.677133321762,3,3,3,3,4,10,5,2,1
-1400793374560210102,59.54,0.4355109234964181,0.3557144598382969,10.97663569450378,4,4,3,3,3,5,10,1,1
643426730991568314,60.15,0.4375251019343159,0.3562507617925487,9.635962486267,3,4,4,4,3,5,10,1,1
-2910665615266706445,60.22,0.4399703224211605,0.3489375533254785,96.3674836158752,4,3,3,3,4,5,10,2,1
-2440518657922353972,60.7,0.4415593338144729,0.3545443464835657,10.15336561203,4,3,4,4,4,5,10,1,1
5657078485653742592,59.68,0.4339378491480311,0.3523016292203308,675.994556427,4,4,4,3,3,5,5,2,2
7928014432252703857,61.34,0.444811590336498,0.3428919676593671,710.39968991279,4,4,4,3,4,5,5,2,2
1715755978781916705,60.58,0.4407964320247027,0.3459635152155366,564.777712583541,3,3,3,4,4,5,5,2,2
-508078785393569870,59.19,0.433527755337116,0.3546906106529071,92.2121052742004,4,3,3,3,3,5,10,2,1
8712258085058018479,59.0,0.4327018627546806,0.35644578068500393,92.5114121437072,4,3,3,4,3,5,10,2,1
3770725834111171293,59.29,0.4349995213002696,0.3570795920854833,16.7461333274841,4,3,3,4,3,10,10,1,1
8378179080522319490,60.11,0.4380264240192243,0.3508389875269168,45.00611305236816,3,4,3,4,3,10,5,1,2
5107182090557424204,59.31,0.43516004762036936,0.3581034412708732,6.61680197715759,3,4,3,4,3,5,5,1,1
7095120714382614975,59.54,0.4355754406279438,0.3580059318246456,17.44587659835815,3,3,3,3,3,10,10,1,1
-961385902960670932,58.82,0.4323719135941308,0.3561532523463211,85.9916279315948,4,3,3,3,3,10,5,2,1
8419257532844007972,59.72,0.4340931999221715,0.35200910088164794,1843.919355154037,4,3,4,3,3,5,10,2,2
118768331319240808,58.83,0.4317928639686213,0.35746962987039377,90.897494077682,4,4,3,4,3,10,5,2,1
-4818839881595172103,60.17,0.4385384443566738,0.35576321456141075,19.700917482376,3,3,4,4,3,10,10,1,1
3496647848478823751,59.43,0.43352939478919705,0.3562507617925487,90.7000830173492,4,4,4,4,3,10,5,2,1
-4892353276208847911,59.43,0.4331590605144474,0.35113151586559954,1429.448717355728,4,4,3,4,3,10,5,2,2
-6980298902191320663,60.5,0.4416155406520577,0.3546906106529071,19.339777469635,3,3,4,3,4,10,10,1,1
8593655002133570269,59.88,0.4352980699768324,0.3493763458335027,522.596604824066,3,3,3,3,3,5,5,2,2
5439020457666249935,60.68,0.4395190836221444,0.3477674399707473,45.8250873088836,4,4,4,4,3,10,5,1,2
1630902924898709429,59.32,0.433285839481142,0.3559094787307521,89.345247983932,3,4,4,4,3,10,5,2,1
3335347397170292411,60.15,0.4392090050799426,0.3562507617925487,19.5894749164581,3,3,3,4,4,10,10,1,1
7710124451930112553,59.85,0.4383429187804641,0.3519115914354204,95.9239921569824,4,4,3,4,4,10,5,2,1
-6002954999004657927,60.02,0.4374543913644375,0.35093649697314433,23.11554837226867,3,4,3,4,3,5,5,1,2
-1197902156833226287,60.11,0.4374992240567676,0.3503026855726649,43.49209308624267,4,3,3,4,3,10,5,1,2
3527743483257848848,59.69,0.43316952091658456,0.35332547840572065,1980.849670648574,4,4,4,4,3,5,10,2,2
7205550005184352575,60.64,0.4411519142693522,0.3485962702636819,23.57142829895019,4,4,3,3,4,5,5,1,2
6708147255298125267,60.69,0.4409903015667867,0.3496688741721855,194.3916373252868,4,3,4,3,4,10,10,2,1
-7826870271042391505,60.32,0.43778940132148997,0.3492788363872751,23.05573773384094,3,3,4,3,3,5,5,1,2
-5685557599155950835,59.6,0.435577913590974,0.3516678178198514,1349.7818741798,3,4,4,3,3,10,5,2,2
5206356556284687144,60.28,0.4402456213761896,0.3501076666802097,98.630222797393,3,4,3,3,4,5,10,2,1
-3684312439047928950,60.15,0.4394899097299158,0.3494738552797303,49.6000742912292,4,4,3,4,4,5,5,2,1
-6691381389538052636,59.88,0.4370501949396376,0.357908422378418,11.46939539909362,4,3,3,3,4,10,5,1,1
-1941329551504449909,60.95,0.4423595096556162,0.34484215658391915,728.645869493484,4,4,3,4,4,5,5,2,2
-1971230464732511579,60.38,0.4386710701607179,0.3504977044651201,93.3453037738,3,3,4,3,3,10,10,1,2
6150309756374549167,60.18,0.4401474832519681,0.3494738552797303,193.1301002502441,3,3,3,4,4,10,10,2,1
-7471580911456716106,59.21,0.4339892679444164,0.35376427091374485,187.829025030136,3,4,3,3,3,10,10,2,1
-5860511406005062333,60.15,0.4374890492588837,0.3562995165156625,6.79498767852783,3,4,4,4,3,5,5,1,1
-6756108106805362092,60.69,0.4420912427546966,0.3544955917604519,16.95606899261474,3,4,4,4,4,10,10,1,1
-7125895628620005461,60.85,0.4421800908168223,0.3488400438792509,23.31260132789611,4,3,3,4,4,5,5,1,2
508273363583113269,60.8,0.4417310596275991,0.34835249664811285,86.5439608097076,4,3,3,4,4,10,10,1,2
4954796417866732971,60.63,0.4390074231310574,0.3504001950188925,45.5749855041503,3,3,4,4,3,5,10,1,2
7166817279424090604,60.33,0.439822500960824,0.3516678178198514,44.6803610324859,3,3,3,3,4,5,10,1,2
-1790156120050918946,60.17,0.4383750311039503,0.35093649697314433,44.7194080352783,3,3,3,4,3,10,5,1,2
810995297151931049,59.37,0.4337251006835356,0.3552756673302727,183.0953428745269,3,3,4,4,3,10,10,2,1
-8383358580390560487,59.51,0.43340282069943065,0.3518140819891928,1752.3852958679,3,3,3,4,3,5,10,2,2
1194501131775349786,59.69,0.43506357830646253,0.3489375533254785,3779.63508963584,3,3,3,3,3,10,10,2,2
837616057328458328,59.36,0.4334359749571622,0.35098525169625816,3924.4066107273,4,3,3,3,3,10,10,2,2
6336433849715211592,60.5,0.43911482529791335,0.3513752894811686,87.9582831859588,3,4,4,4,3,10,10,1,2
-7520612942922874976,59.17,0.4344106475421132,0.3581034412708732,16.6465637683868,4,3,3,3,3,10,10,1,1
-3464583557383004317,60.44,0.44151678118850013,0.3471336285702678,4312.36126995086,3,4,3,3,4,10,10,2,2
8428876579702531023,59.95,0.4352329924925552,0.34835249664811285,676.815985441207,4,4,3,3,3,5,5,2,2
-7714295685317085638,61.1,0.44337635214741106,0.3445008735221225,1492.061648130416,4,4,4,3,4,10,5,2,2
-2207634451771656367,58.74,0.4317284356994456,0.3582009507171008,43.0432863235473,3,3,3,4,3,5,5,2,1
4286502151636167298,60.54,0.4410958265060329,0.3549831389915899,9.69474387168884,3,3,4,3,4,5,10,1,1
2988198281149020806,60.56,0.4386431182142548,0.3497663836184131,87.6459877490997,4,4,4,4,3,10,10,1,2
-472752917758666401,60.03,0.43851976982794894,0.35737212042416616,11.4570710659027,3,4,3,3,4,10,5,1,1
1690761971027637026,60.62,0.4388502384701049,0.3486937797099095,44.1292786598205,4,3,4,4,3,10,5,1,2
7619366002489349992,58.96,0.431286581070628,0.3561044976232073,4285.374264478683,3,4,4,4,3,10,10,2,2
6411398300987905959,60.37,0.4408818395016032,0.3515703083736238,86.5116906166076,3,4,3,3,4,10,10,1,2
1886921746891102934,60.39,0.44131382271160746,0.34684110023158504,1427.9747436046,3,4,3,4,4,10,5,2,2
-162561936630842133,59.1,0.4339735360308595,0.35439808231422426,89.208593130111,3,4,3,3,3,10,5,2,1
3919983281281081774,60.38,0.4388642169265601,0.3487912891561371,44.7870995998382,4,4,4,3,3,10,5,1,2
-6557598651521427714,60.65,0.4411003358110616,0.3490838174948199,95.9483952522277,4,4,4,4,4,10,5,2,1
8219954283637836099,60.32,0.4381632870094286,0.34898630804859226,23.0711600780487,3,4,4,3,3,5,5,1,2
2560011892055921431,60.68,0.4416266215698569,0.3557144598382969,9.75874829292297,3,4,4,4,4,5,10,1,1
-9212743632708483361,60.6,0.44062691959994943,0.352984195343924,11.71243715286254,4,3,4,3,4,10,5,1,1
2450762285832603307,59.14,0.4326566063634628,0.3553244220533865,1404.720119953155,4,4,4,3,3,10,5,2,2
-5767447694054366388,59.95,0.43819359379129297,0.3572258562548248,6.60111808776855,3,4,3,3,4,5,5,1,1
-1223251930754176781,60.03,0.4368520105465633,0.3539592898062001,11.78170013427734,4,4,4,3,3,10,5,1,1
-90472961534196804,59.47,0.4350681752001741,0.3589322715638078,9.48558473587036,3,3,3,3,3,5,10,1,1
-5021874337320916616,60.16,0.4385279433284813,0.3545931012066795,17.06143689155578,3,4,4,3,3,10,10,1,1
-7955545428607915326,60.75,0.4412168439699717,0.35347174257506203,17.0662946701049,4,4,4,4,4,10,10,1,1
5975962573815324715,60.01,0.4356330904890627,0.3482062324787715,1847.802657604217,4,3,3,3,3,5,10,2,2
-350005648016206970,60.92,0.4420415084109716,0.3457197415999676,2053.672267675,4,4,3,4,4,5,10,2,2
-2308260046193693260,60.05,0.4374435108840092,0.35108276114248577,44.4051723480224,3,4,3,4,3,5,10,1,2
2954901370323929096,60.69,0.4423729045585686,0.35015642140332354,197.1987698078155,3,4,4,3,4,10,10,2,1
2445450319943668249,59.52,0.4345165099052901,0.3562995165156625,44.42590236663818,4,3,4,4,3,5,5,2,1
-502208344674016258,60.38,0.4407467508073876,0.3471336285702678,4394.826798677444,3,4,3,4,4,10,10,2,2
-5078649950072717547,60.53,0.4407047297608025,0.34659732661601594,1900.649947166442,3,4,3,3,4,5,10,2,2
-4426670333287584658,61.13,0.4429096313220727,0.3442570999065535,4149.82117700576,4,3,4,3,4,10,10,2,2
-7211146888536224435,60.74,0.4415907011095799,0.3481087230325439,43.78881454467773,4,3,3,3,4,10,5,1,2
104993874324067162,60.99,0.4412538597821827,0.3459635152155366,4478.86734819412,4,4,4,4,4,10,10,2,2
8601192889663886592,60.25,0.4382977053433096,0.3492788363872751,45.5470283031463,4,4,3,4,3,10,5,1,2
-8665107098866965831,60.62,0.44062871085814415,0.3467923455084712,1293.771240711212,4,3,3,4,4,10,5,2,2
307016321671720451,60.03,0.4356043157535553,0.35035144029577875,1726.297071695327,3,3,4,3,3,5,10,2,2
2756883031158241397,60.18,0.4378777773051293,0.3518140819891928,7.1116178035736,4,3,4,3,3,5,5,1,1
-3080972120787326866,59.18,0.4315486811990957,0.35659204485434537,1834.508604526519,3,4,4,4,3,5,10,2,2
-8619452492773256982,59.99,0.4382408719272859,0.35727461097793856,16.59466385841369,3,4,3,3,4,10,10,1,1
991004883694927182,59.21,0.4327029000911376,0.3546418559297933,1200.01696801185,4,3,4,3,3,10,5,2,2
-5223748810021533287,59.98,0.43757323994249997,0.3502051761264373,84.0931251049041,4,3,3,3,3,10,10,1,2
-3889488182506626294,60.97,0.4423478073059193,0.3452321943688296,619.799464464187,4,3,3,4,4,5,5,2,2
3993982742192952808,61.29,0.44450180265338013,0.3431357412749361,2062.75995659828,4,4,4,3,4,5,10,2,2
8629551768449020734,60.61,0.4414836776939116,0.35093649697314433,44.8898839950561,3,4,4,4,4,5,10,1,2
3073551657882194739,60.76,0.44139128636438174,0.3491813269410475,46.174963235855,3,4,4,4,4,5,5,2,1
-2033000756347064138,60.96,0.4427583345098979,0.3481087230325439,46.1565799713134,4,4,4,4,4,10,5,1,2
3557196060194618723,59.21,0.4336512719652062,0.35430057286799665,94.78966140747,4,4,3,3,3,5,10,2,1
5366190598747089688,60.22,0.4390612807553024,0.356933327916142,9.55446672439575,3,3,3,4,4,5,10,1,1
1717841817438124216,60.65,0.4408813405953073,0.3469873644009264,4393.74380660057,4,4,3,3,4,10,10,2,2
1031523638718473322,58.72,0.4315375038584259,0.3568358184699144,90.708443641662,3,3,3,4,3,10,5,2,1
4869185762365939349,60.87,0.4398549812361684,0.3474261569089506,48.1253261566162,4,4,4,4,3,5,10,1,2
1197454944181595742,60.71,0.4415268505287425,0.34835249664811285,22.91236329078674,4,3,3,3,4,5,5,1,2
1248792893308794774,60.23,0.43973499807988736,0.3487912891561371,96.7836031913757,4,3,3,4,4,5,10,2,1
-791716463215817409,59.51,0.4359557993405252,0.35654329013123154,10.54310321807861,4,4,3,4,3,5,10,1,1
3399555714151530582,60.59,0.4419022999850921,0.3487912891561371,90.0336527824401,3,3,3,4,4,10,10,1,2
6250241187091152276,60.1,0.4379084938941367,0.35654329013123154,16.94202256202697,4,3,3,4,4,10,10,1,1
8445587578732971608,59.36,0.4353538876283292,0.3587860073944664,6.7339596748352,3,3,3,4,3,5,5,1,1
5404413105509442941,59.36,0.43529024635059815,0.35888351684069403,9.63682627677917,3,3,3,4,3,5,10,1,1
1227388609810802099,59.49,0.4362749215013688,0.35659204485434537,12.31455016136169,3,3,3,4,3,10,5,1,1
-6565530690782886743,59.76,0.4342385877326129,0.35152155365051,1971.004301309585,4,4,4,3,3,5,10,2,2
8976009704649130157,59.19,0.4343228143631621,0.3582009507171008,11.53926587104797,4,3,3,3,3,10,5,1,1
3916163803167414967,60.39,0.4407793949272503,0.3516678178198514,88.7308590412139,3,3,3,3,4,10,10,1,2
-1482533923726083407,59.7,0.43583187778143945,0.3508389875269168,1235.806512355804,3,3,4,3,3,10,5,2,2
2335143460827800236,60.48,0.4392492903671901,0.34801121358631626,46.0803122520446,4,4,4,3,3,5,10,1,2
6644778485666045810,60.84,0.4419561583232388,0.3486450249867957,86.3842387199401,4,3,4,4,4,10,10,1,2
477902306460293692,60.43,0.43902983776452426,0.3499614025108683,44.8317348957061,3,3,4,3,3,10,5,1,2
-936301288487037930,58.7,0.4315562019665977,0.3577134034859628,89.494516134262,3,4,3,4,3,10,5,2,1
-175715007547401056,60.24,0.4381180666543236,0.3516678178198514,7.15161347389221,4,4,4,3,3,5,5,1,1
-1106849019591043583,60.66,0.4423407107760349,0.3503026855726649,45.7190051078796,3,3,4,3,4,10,5,1,2
-901970943479683967,58.78,0.4322187624322023,0.3559094787307521,185.081490516662,4,3,3,3,3,10,10,2,1
-2079094778888759046,60.25,0.4380709793003405,0.3494738552797303,44.2791080474853,3,4,4,3,3,5,10,1,2
5446124987674892638,59.67,0.4352000674650441,0.3486937797099095,1351.189999103546,3,4,3,3,3,10,5,2,2
5514785044152011370,60.84,0.4420971810565903,0.3482062324787715,24.76398181915283,4,4,3,4,4,5,5,1,2
9143611110348622915,60.16,0.44030066475775903,0.3495713647259579,94.2268924713134,3,4,3,4,4,10,5,2,1
7678529291929709466,59.1,0.4328794029485591,0.35644578068500393,43.2685759067535,4,3,3,4,3,5,5,2,1
-2489885313765912258,61.07,0.4431223149328888,0.3449884207532605,1826.67733383178,3,3,4,3,4,5,10,2,2
-1771258927596557981,60.58,0.4408850209322239,0.3506927233575753,44.70225906372,3,3,4,4,4,5,5,2,1
-7105589873717761610,60.84,0.44243471471141066,0.344890911307033,717.133873701095,4,4,3,3,4,5,5,2,2
-8668129190112761438,59.99,0.4356927941519451,0.35259415755901363,91.291829109191,3,3,4,3,3,5,10,2,1
4507085911406303610,60.66,0.4421131263499415,0.3481087230325439,87.5322484970092,3,4,3,4,4,10,10,1,2
-1078090190103002659,60.59,0.4423631537664812,0.350546459188234,45.19055581092834,3,4,4,3,4,10,5,1,2
3481330567172857420,59.99,0.4377064828501952,0.3498638930646407,22.8034958839416,3,4,3,3,3,5,5,1,2
5021568371610159792,60.09,0.4376829947619504,0.35108276114248577,45.3482220172882,3,3,3,4,3,5,10,1,2
4348076409852511412,60.27,0.4399951597157245,0.3519115914354204,44.05415248870849,3,4,3,3,4,5,10,1,2
-642666574206537909,61.03,0.4420705634996635,0.3449884207532605,1928.758111238479,3,4,4,4,4,5,10,2,2
3510033487612282238,60.54,0.44127949819687945,0.3541543086986553,9.70281958580017,3,4,4,3,4,5,10,1,1
8599427556430983404,60.01,0.43968247331051946,0.35098525169625816,45.06321001052856,3,3,3,4,4,5,5,2,1
-3935926245892326644,60.59,0.44014662304652297,0.3472311380164954,4162.63285899162,4,3,3,4,4,10,10,2,2
-3300950730031837561,60.01,0.43761173876243203,0.3562995165156625,6.7843124866485,4,3,3,3,4,5,5,1,1
1222968789512601245,60.7,0.44177409337777135,0.3553731767765003,7.36493062973022,4,3,4,4,4,5,5,1,1
-4594233348110864092,60.92,0.4422086313610039,0.3498151383415269,48.6860144138336,4,4,4,3,4,5,5,2,1
8960644429217962618,61.08,0.4424085466554057,0.34479340186080537,637.74250292778,3,4,4,4,4,5,5,2,2
8397271901998337020,60.74,0.4422551750243386,0.3483037419249991,46.9997434616088,4,4,4,4,4,5,10,1,2
-2733858989573960138,60.05,0.4372712736731621,0.35576321456141075,17.1294674873352,4,3,4,4,3,10,10,1,1
1967217993974270362,59.99,0.4383710111617434,0.3576158940397352,18.85957741737365,3,3,3,3,4,10,10,1,1
-2058626874012430261,59.52,0.4353550794834319,0.3561532523463211,9.68859553337097,4,3,3,3,3,5,10,1,1
2236329829604927566,60.97,0.4416642177250856,0.34567098687685377,1283.795432567596,4,3,4,4,4,10,5,2,2
-9061676519804521001,60.91,0.4419931047379152,0.3460122699386504,1963.00357198715,4,3,3,4,4,5,10,2,2
-4213597575285002683,60.87,0.4430823630746916,0.3478649494169749,89.774623632431,3,3,4,4,4,10,10,1,2
1918632924063036452,60.82,0.4418500427313424,0.3483037419249991,87.750254869461,4,4,3,4,4,10,10,1,2
3574412578750997610,59.84,0.4371593306221719,0.35746962987039377,7.10405945777893,4,3,3,4,4,5,5,1,1
8106822745475717365,59.22,0.4335545492221957,0.3553244220533865,93.6703197956085,3,4,3,3,3,5,10,2,1
1883169582227168612,60.92,0.4422820464769072,0.34479340186080537,1257.182757854461,3,3,4,4,4,10,5,2,2
3294800110015507650,60.67,0.44143637348562736,0.34898630804859226,45.1517357826232,4,4,3,3,4,5,10,1,2
3836821153058233089,58.94,0.4315391661913745,0.3560557429000935,1192.295576810836,3,3,4,4,3,10,5,2,2
-2997079483722629233,59.36,0.43278814539409854,0.3561044976232073,92.656697273254,3,3,4,4,3,5,10,2,1
4048792625463327075,60.1,0.4402906936427759,0.3504001950188925,197.5377740859985,3,4,3,3,4,10,10,2,1
-1919753325470433518,59.71,0.43514003073083707,0.35322796895949304,185.7794563770294,4,3,4,3,3,10,10,2,1
3575597674033347762,60.37,0.44115846234833306,0.3508389875269168,44.67166662216186,3,4,3,3,4,10,5,1,2
-8244127458891940577,60.84,0.4419583201046632,0.3487425344330233,88.6145117282867,4,4,4,4,4,10,10,1,2
-3697396534897572121,60.18,0.4377752508205473,0.3538130256368587,9.6991233825683,3,3,4,3,3,5,10,1,1
9168231659084735472,61.03,0.4439236521958977,0.34464713769146393,1424.250597715377,3,4,4,3,4,10,5,2,2
1416776374294621693,61.36,0.44361315637975895,0.3433307601673913,610.496549606323,4,3,4,4,4,5,5,2,2
4669186361788718091,60.15,0.4395548757518768,0.3496688741721855,45.6430497169494,4,3,3,4,4,5,5,2,1
414187908885355652,60.72,0.4427060030336376,0.3481087230325439,23.85111212730407,4,4,4,3,4,5,5,1,2
-2740778354625952819,60.58,0.4401207417314733,0.3475724210782921,4438.13712239265,4,4,3,4,4,10,10,2,2
-4041393585809758918,60.33,0.437985891811151,0.3494738552797303,23.44994521141052,4,3,3,4,3,5,5,1,2
-3128991564156871770,60.0,0.4377684376274213,0.3554706862227279,9.70974230766296,4,4,3,4,4,5,10,1,1
7556414996663928586,60.57,0.44043335977795206,0.3490838174948199,195.7676572799682,4,3,4,4,4,10,10,2,1
1047830374343331248,60.27,0.4386857274986507,0.3549343842684761,11.73488402366638,3,4,4,4,3,10,5,1,1
-6437155682096967735,60.79,0.44295856234620007,0.34737740218583685,23.46228456497192,4,3,4,3,4,5,5,1,2
-7743137287112107411,60.29,0.4401979983992018,0.3497176288952993,99.13756275177,3,4,3,4,4,5,10,2,1
-7114989663763874916,60.06,0.4372988637492262,0.3499614025108683,86.8970999717712,4,3,3,4,3,10,10,1,2
-3881216410502186120,60.17,0.4402698899672491,0.3502051761264373,46.44613671302795,3,4,3,4,4,5,5,2,1
-7218321558887791328,60.34,0.43896586024783546,0.3500101572339821,44.93790483474731,3,4,4,3,3,10,5,1,2
-6905488128572290175,60.43,0.4391302876328722,0.3487425344330233,47.67789196968078,4,3,4,3,3,5,10,1,2
9216337067045433436,60.79,0.4416260380316632,0.3502051761264373,100.7395124435424,4,4,4,4,4,5,10,2,1
8512718626228761220,59.97,0.4378623911114145,0.3494251005566165,43.1523201465606,4,3,3,3,3,10,5,1,2
-2464524222414030039,60.86,0.4419656158904955,0.34557347743062616,4489.85742735862,3,4,4,4,4,10,10,2,2
5986060240594029498,60.19,0.43771110407079256,0.3571283468085972,9.86806082725524,3,3,4,4,3,5,10,1,1
-3429253386006162827,60.74,0.4426062496669008,0.35015642140332354,191.1697514057159,3,3,4,3,4,10,10,2,1
-8076867573671597352,60.72,0.44095665232367903,0.3499126477877545,84.7128174304962,4,3,3,3,4,10,10,1,2
-939251776834521472,60.83,0.43965186011769536,0.34771868524763344,47.0180609226226,4,3,4,4,3,5,10,1,2
9220609415281914843,59.52,0.4360002567146839,0.3562020070694349,7.12942290306091,4,3,3,4,3,5,5,1,1
7590828122452251979,61.08,0.4434751342406026,0.3449884207532605,637.065498590469,3,4,4,3,4,5,5,2,2
-1333933225201851726,60.75,0.4412808015261861,0.3518140819891928,11.65289282798767,4,4,4,3,4,10,5,1,1
5037147835167923806,60.3,0.43787334813468215,0.3499126477877545,45.2522530555725,3,3,4,3,3,5,10,1,2
-2283587295722767206,59.47,0.4360765581083967,0.3562995165156625,16.7656114101409,3,4,3,4,3,10,10,1,1
-7936363012556250056,60.79,0.4418935033491961,0.3547393653760209,7.26013326644897,4,4,4,4,4,5,5,1,1
-8851453978169396401,60.72,0.4410914378656769,0.3531792142363792,17.0628011226654,4,3,4,4,4,10,10,1,1
-177446977573700433,59.9,0.43648518454945506,0.3552756673302727,16.95045351982116,4,3,4,3,3,10,10,1,1
3336417157716476884,60.81,0.4393373110032001,0.34747491163206445,24.93142628669738,4,4,4,4,3,5,5,1,2
-264196473924126891,59.88,0.4358606764240429,0.352496648112786,187.4996914863586,3,4,4,3,3,10,10,2,1
-7697532496220103417,60.6,0.44050682987809897,0.3491325722179337,200.343564748764,4,4,4,4,4,10,10,2,1
-3257593923126643727,59.96,0.43740245196463023,0.3505952139113477,43.8276777267456,3,4,3,3,3,5,10,1,2
8488086014351910309,60.03,0.4380427297514982,0.3495713647259579,44.35153722763061,4,4,3,3,3,10,5,1,2
6251034967699306674,60.43,0.4414622475120096,0.3469386096778126,4070.78291201591,3,3,3,3,4,10,10,2,2
-4988307386006435297,60.18,0.4398516227126492,0.3495226100028441,47.8922605514526,4,4,3,3,4,5,5,2,1
2716467023998330418,60.61,0.4387876400812288,0.3493275911103889,23.45748925209045,3,4,4,4,3,5,5,1,2
3719007674378773991,59.53,0.435792996673724,0.3578109129321904,16.66840720176696,3,4,3,3,3,10,10,1,1
-7786383262850504979,58.96,0.4312544456631861,0.3560557429000935,3973.721128225326,3,3,4,4,3,10,10,2,2
-7109017296389013721,60.33,0.4383466379828552,0.3476699305245197,22.80005311965942,4,3,3,3,3,5,5,1,2
7335382484607869987,60.17,0.4377355401446272,0.3570308373623696,6.80703449249267,3,3,4,4,3,5,5,1,1
-5823908845923255709,60.89,0.442277178745668,0.3485475155405681,44.3095090389251,4,3,4,4,4,10,5,1,2
6247322152055557088,59.18,0.4337689164667836,0.3556169503920693,44.18086171150207,3,4,3,3,3,5,5,2,1
5907637476984661919,60.38,0.4407726955541447,0.3467923455084712,4131.70471358299,3,3,3,4,4,10,10,2,2
-3123234443470089597,59.35,0.4328871700701297,0.35025393084955114,1356.2465400695,3,4,3,4,3,10,5,2,2
-7110819145495035655,59.43,0.4348341394923745,0.35888351684069403,6.69528746604919,3,3,3,3,3,5,5,1,1
-529356677806936922,60.75,0.4414103597664829,0.35342298785194826,11.93002486228942,4,3,4,4,4,10,5,1,1
-7680239570564609278,60.18,0.4390531829429372,0.3562507617925487,11.47954058647155,3,4,3,4,4,10,5,1,1
-1527074606722004611,60.85,0.4417846017919441,0.3501076666802097,48.982045173645,4,4,4,4,4,5,5,2,1
5283421224238255081,59.46,0.4337975314053066,0.3499126477877545,4187.5515255928,3,4,3,3,3,10,10,2,2
-5570253279907864199,60.46,0.4410745887929844,0.3490350627717061,22.8326363563537,3,3,3,3,4,5,5,1,2
-6653690485602195950,60.29,0.4382485534562286,0.34835249664811285,45.35647058486938,4,3,3,3,3,5,10,1,2
-235201075904240391,60.89,0.4396370169833226,0.34771868524763344,23.2926182746887,4,3,4,4,3,5,5,1,2
5898454866313325305,59.44,0.4350275834969353,0.3579571771015318,6.6659173965454,3,4,3,3,3,5,5,1,1
-53215210228339593,60.99,0.4412814482666382,0.34562223215374,4215.280534029,4,3,4,4,4,10,10,2,2
-3018784654945903825,60.06,0.4401586323148976,0.3497176288952993,96.0599060058593,3,3,3,4,4,10,5,2,1
-7518139077947001739,60.0,0.4374063619207276,0.35737212042416616,11.49984407424926,4,4,3,3,4,10,5,1,1
-3071940685592147442,60.86,0.4422285245281015,0.3490350627717061,86.7023911476135,4,4,4,3,4,10,10,1,2
5439900009868664362,60.02,0.4379105817022511,0.3496201194490717,85.931986331939,3,4,3,3,3,10,10,1,2
6421370996602370120,59.87,0.4353819999233219,0.3493763458335027,1803.006022691726,3,4,3,3,3,5,10,2,2
-5738488467273132102,59.16,0.4326760413067277,0.3548856295453623,4176.46478271484,4,4,4,3,3,10,10,2,2
150221195403362048,60.56,0.4402212052429867,0.3468898549546988,1907.788074254989,3,4,3,4,4,5,10,2,2
1880892807830843306,59.44,0.4336817605386771,0.3561532523463211,86.018581867218,4,3,4,4,3,10,5,2,1
-4533911037429086570,60.0,0.43727776749384223,0.35654329013123154,6.85250639915466,4,4,3,3,4,5,5,1,1
-3632117356248412584,60.83,0.4416917881706375,0.3504001950188925,46.6895613670349,4,3,4,4,4,5,5,2,1
3274521663723839692,59.97,0.43612893738621705,0.3514240442042824,94.7506215572357,4,4,4,3,3,5,10,2,1
-2742265615891616600,59.8,0.4359698920206324,0.352740421728355,87.637557268142,3,3,4,3,3,10,5,2,1
-4087279692459839627,59.55,0.4344433530469127,0.3550806484378175,95.2620782852172,4,4,4,4,3,5,10,2,1
-4832283992474718991,60.58,0.4410297365603403,0.3496201194490717,44.5799219608306,3,4,3,4,4,5,10,1,2
7083160702222384993,59.4,0.4357819240520088,0.3562020070694349,11.768663406372,4,4,3,4,3,10,5,1,1
-2210963551598669211,60.89,0.4419846063707981,0.3499126477877545,99.435616493225,4,4,4,3,4,5,10,2,1
5909125205635455743,60.04,0.4381092465565628,0.3488887986023647,44.3186728954315,3,4,3,3,3,10,5,1,2
5879911290550921599,60.64,0.44173738788723177,0.3506927233575753,23.2946329116821,3,4,4,4,4,5,5,1,2
-7344489923209395344,59.3,0.4351211104256835,0.3571283468085972,11.56099843978881,4,3,3,4,3,10,5,1,1
2259270021788190183,60.77,0.4417911014659284,0.3489375533254785,46.73156356811523,4,4,3,4,4,5,10,1,2
-4236627586253057746,60.19,0.4401199703215104,0.3498151383415269,198.8498530387878,3,4,3,4,4,10,10,2,1
327343882753728609,60.09,0.4381626554605021,0.3561044976232073,11.752539396286,4,3,3,4,4,10,5,1,1
7016514470856045106,60.17,0.4378749238558417,0.3530817047901516,6.83564686775207,3,4,4,3,3,5,5,1,1
910371493941404121,60.32,0.4391166512005489,0.35332547840572065,11.6007373332977,3,4,4,3,3,10,5,1,1
-695052945870465329,60.77,0.4414728130909773,0.3502051761264373,94.7974050045013,4,4,4,3,4,10,5,2,1
-733882118331847692,60.15,0.4386886013034949,0.3568845731930281,9.56996035575866,3,4,3,4,4,5,10,1,1
1729470409257907371,59.91,0.4357115616835359,0.35376427091374485,42.237609386444,3,3,4,3,3,5,5,2,1
6776592545259660472,59.99,0.4376536950285593,0.3501076666802097,86.42326903343,4,4,3,3,3,10,10,1,2
4365700842376652518,60.95,0.4422260362217673,0.35025393084955114,44.3027558326721,3,3,4,3,4,5,5,2,1
-7192768975576375336,61.34,0.4435847864043413,0.3437207979523017,717.842422962188,4,4,4,4,4,5,5,2,2
-6943390572384101528,60.52,0.4416890995478023,0.3499126477877545,92.9938683509826,3,4,4,4,4,10,5,2,1
4864889797869841210,59.45,0.4356961526173175,0.35639702596189016,7.06803369522094,4,4,3,4,3,5,5,1,1
890079988432284194,60.72,0.4410459781635243,0.3499126477877545,98.2474617958068,3,4,4,4,4,5,10,2,1
-7384450468570566866,59.06,0.43152453052327466,0.3562020070694349,3950.84738707542,4,3,4,4,3,10,10,2,2
-2587340339846874627,59.91,0.4381292726404953,0.35113151586559954,197.589926958084,4,3,3,4,4,10,10,2,1
5771869112304255580,60.89,0.4430764269498527,0.34781619469386105,45.56220960617065,3,4,4,4,4,10,5,1,2
6106274501255582877,60.81,0.4424652986149836,0.34825498720188525,25.10002994537353,4,4,4,4,4,5,5,1,2
-3780121551913868301,60.89,0.4421447179162127,0.3525454028358998,11.78422546386718,4,4,4,4,4,10,5,1,1
-1422090887442987086,60.27,0.43838020673225664,0.3541543086986553,11.66717481613159,4,4,4,4,3,10,5,1,1
-155917136346751526,60.9,0.44253659830982095,0.3485475155405681,43.9232673645019,4,3,4,3,4,10,5,1,2
1338264437783023623,59.3,0.4316764505020974,0.35566570511518314,534.017186403274,3,3,4,4,3,5,5,2,2
4197919326920675201,60.05,0.43838899328729136,0.3570795920854833,9.5765357017517,3,3,3,3,4,5,10,1,1
6443843894002699827,59.09,0.4339814817447653,0.3538130256368587,87.66448354721,3,3,3,3,3,10,5,2,1
-1748607578416130225,60.29,0.4379515804193407,0.3492300816641613,48.425903558731,4,3,3,4,3,5,10,1,2
2775731862339390229,60.16,0.4405555156750733,0.3507902328038029,44.35813498497,3,3,3,3,4,5,5,2,1
-8877841490747076457,59.2,0.4318028791658208,0.3559582334538659,1220.90467238426,4,3,4,4,3,10,5,2,2
4207686073638340081,60.75,0.44225010881773535,0.3485475155405681,46.055074930191,4,3,4,4,4,5,10,1,2
-7663693935964129736,60.83,0.4423980419718981,0.3482062324787715,24.8404994010925,4,3,4,4,4,5,5,1,2
-6695869387882497615,59.34,0.43520074711513773,0.35839596960955605,9.570699930191,3,4,3,4,3,5,10,1,1
-1917593012241965281,60.72,0.4418696586477581,0.3554706862227279,9.76551437377929,3,3,4,4,4,5,10,1,1
8497907993663645585,59.91,0.4367456878554992,0.3582009507171008,16.58898997306823,4,3,3,3,4,10,10,1,1
8570854297655799224,60.55,0.4411522478122308,0.3455247227075124,554.334858655929,3,3,3,3,4,5,5,2,2
-8131106960400726195,60.72,0.44247349615093096,0.35420306342176905,11.79148149490356,3,4,4,4,4,10,5,1,1
-5008363971932058087,60.63,0.44082677214986,0.3467923455084712,4151.94452357292,4,3,3,3,4,10,10,2,2
-8143977091730882235,59.86,0.4386169740573079,0.35152155365051,89.3381631374359,4,3,3,3,4,10,5,2,1
5441904542386779519,60.52,0.4413639325499161,0.35400804452931384,6.78069400787353,3,4,4,3,4,5,5,1,1
3180647943731689399,59.25,0.43404930136561415,0.3538130256368587,183.8675706386566,3,3,3,3,3,10,10,2,1
-4364821841612531339,60.19,0.4380817088860232,0.3504977044651201,23.28040432929992,3,3,3,4,3,5,5,1,2
-4376477641311965364,60.58,0.4412968246781955,0.3492788363872751,23.13635969161987,3,4,3,4,4,5,5,1,2
733706607239604788,60.65,0.442164719451776,0.3543493275911105,18.60561800003051,3,3,4,4,4,10,10,1,1
-6736896351928134014,58.77,0.4314996272698137,0.3570795920854833,182.7889993190765,3,3,3,4,3,10,10,2,1
-967277259957563451,60.1,0.4379310608021346,0.3562507617925487,16.91740226745605,4,4,3,4,4,10,10,1,1
4094014244413726401,59.9,0.4381198886934036,0.3518140819891928,199.0010995864868,4,4,3,3,4,10,10,2,1
-5716624348782325061,60.09,0.43808876953967657,0.35093649697314433,89.0199635028839,3,3,3,4,3,10,10,1,2
-18390967263601210,60.76,0.4413012518434159,0.3497176288952993,199.4585025310516,4,4,4,3,4,10,10,2,1
-7664623384142833596,60.19,0.4383930226442672,0.3544955917604519,19.3071162700653,3,3,4,3,3,10,10,1,1
-499046441661994479,60.19,0.4385350876843033,0.3552269126071589,17.07132935523986,3,4,4,4,3,10,10,1,1
114384342992413068,60.7,0.4412619933227376,0.3490350627717061,44.7802650928497,4,4,3,3,4,10,5,1,2
-4158195642518178495,60.45,0.4411597180753098,0.3506439686344616,197.7460646629333,3,4,4,4,4,10,10,2,1
1196351865624918181,58.78,0.4318283260280257,0.35839596960955605,44.43626236915588,3,4,3,4,3,5,5,2,1
4779429028354766435,60.44,0.44121950842205454,0.3517165725429652,45.4290018081665,3,3,4,3,4,5,10,1,2
1939921631233133576,60.47,0.4389074861234606,0.3488887986023647,22.938672542572,4,3,4,3,3,5,5,1,2
1194215648623530090,59.31,0.43292103996873016,0.35025393084955114,1196.723685741424,3,3,3,4,3,10,5,2,2
-8275876060677997459,60.79,0.4429166869631377,0.3494738552797303,91.2583191394805,3,3,4,3,4,10,5,2,1
-4350142053086666186,60.74,0.44162482358709976,0.3493763458335027,45.7787027359008,4,3,3,4,4,5,10,1,2
-2591270486996574955,59.19,0.4334058548163272,0.3554219314996141,92.314967632293,3,3,3,3,3,5,10,2,1
-6739415104126577159,60.06,0.43844031834310704,0.3578596676553042,6.72156143188476,3,4,3,4,4,5,5,1,1
-4884560616396229977,60.69,0.4421492718429232,0.35035144029577875,23.3831708431243,3,3,4,4,4,5,5,1,2
-3170107712648870422,59.55,0.4356336321928279,0.3579571771015318,12.0532677173614,3,3,3,3,3,10,5,1,1
8410367223914654807,60.07,0.4379957102856936,0.35108276114248577,86.9187602996826,3,4,3,4,3,10,10,1,2
-865729908852507824,60.74,0.4422209455508699,0.3481087230325439,23.2226588726043,3,3,3,4,4,5,5,1,2
-8085490335257061570,59.34,0.4333968231222751,0.3562507617925487,191.435091733932,4,4,4,4,3,10,10,2,1
-5129332131944813292,60.52,0.4402197275180267,0.3467923455084712,1842.633661270141,3,3,3,4,4,5,10,2,2
3142717307120936514,60.75,0.4393504056778333,0.3492300816641613,23.26432299613952,3,3,4,4,3,5,5,1,2
-2329671458276601999,60.89,0.4428000140911549,0.34727989273960924,45.95447945594787,4,4,3,4,4,10,5,1,2
3384263916305458285,59.3,0.4336198191581384,0.3551294031609313,91.0401949882507,3,3,4,4,3,10,5,2,1
7060433444208486933,60.53,0.44087428039049503,0.3499126477877545,45.1936910152435,3,3,3,4,4,5,10,1,2
4219084572796029550,59.99,0.43572021409176576,0.3507414780806892,603.160435914993,3,4,4,3,3,5,5,2,2
8001473921550480780,60.96,0.44353895538252597,0.345134684922602,1286.845101118087,3,3,4,3,4,10,5,2,2
-7965622627539781811,60.49,0.4389347767170482,0.3484500060943405,23.7486889362335,4,4,4,3,3,5,5,1,2
2575067057792316631,60.38,0.4413672556561051,0.35176532726607895,44.465929031372,3,4,4,3,4,5,10,1,2
5186299502435065131,61.13,0.4428819583202625,0.34459838296835016,4404.102416992187,4,4,4,3,4,10,10,2,2
-4230249613291913747,60.25,0.4387126225005056,0.3539592898062001,11.88150382041931,3,3,4,3,3,10,5,1,1
5272653744488044628,58.77,0.4315194250332968,0.35844472433266983,93.7968182563781,3,3,3,4,3,5,10,2,1
-3591103290887298099,60.58,0.4408833346880807,0.3536180067444035,9.9594829082489,4,3,4,3,4,5,10,1,1
8273812789945075527,60.96,0.4417499842440844,0.3506439686344616,95.9052624702453,3,3,4,3,4,5,10,2,1
-5294394083601473976,59.57,0.4339547260355053,0.3514240442042824,606.071214675903,3,4,3,4,3,5,5,2,2
1645599758701305179,60.47,0.442013583967368,0.34664608133912983,1425.979527950286,3,4,3,3,4,10,5,2,2
8250979357788169087,61.17,0.4436194373767123,0.3440620810140983,548.526671171188,3,3,4,3,4,5,5,2,2
-6650427458423561710,59.51,0.4358916152126674,0.3576158940397352,11.48026084899902,3,4,3,3,3,10,5,1,1
-6580624822983857744,59.05,0.4334042871244629,0.3561532523463211,42.40519499778747,3,3,3,3,3,5,5,2,1
2413714708897884468,58.7,0.4313427476950091,0.3578109129321904,185.1110517978668,4,3,3,4,3,10,10,2,1
-5657662669005274598,60.19,0.4380351163301031,0.3505952139113477,86.0164484977722,4,3,4,3,3,10,10,1,2
-2951161694820954435,59.89,0.43543681668866535,0.3494738552797303,603.885083675384,3,4,3,3,3,5,5,2,2
2672263005585345691,60.51,0.4405449332772106,0.3500101572339821,90.6253428459167,4,3,4,4,4,10,5,2,1
6866816842498393547,60.33,0.4386493413966612,0.3491813269410475,43.3355071544647,4,3,4,3,3,10,5,1,2
7291273628818967750,59.94,0.4365045162481497,0.3542518181448829,11.68293118476867,4,3,4,3,3,10,5,1,1
5365068715627645651,60.66,0.4411910049602072,0.3492788363872751,48.5942010879516,4,3,3,3,4,5,10,1,2
-283834615378911499,58.7,0.43135287578450016,0.3576158940397352,191.8572669029235,4,4,3,4,3,10,10,2,1
-7239063675906712818,59.89,0.4345457339672969,0.3499126477877545,1855.962743520736,4,3,3,4,3,5,10,2,2
4202812026653095830,60.58,0.4403760197522439,0.35288668589769645,16.86156582832336,4,3,4,3,4,10,10,1,1
5168969746409114799,59.95,0.4383770511026146,0.35737212042416616,11.8277506828308,3,3,3,3,4,10,5,1,1
-569816916719984458,59.25,0.4313749451800272,0.3559094787307521,1771.739775657653,3,3,4,4,3,5,10,2,2
9019938910505537372,59.21,0.4344859130458416,0.3578596676553042,11.44783306121826,4,4,3,3,3,10,5,1,1
2526513766303442140,59.94,0.4380454689876357,0.3517165725429652,200.996446371078,4,4,3,4,4,10,10,2,1
2484539093048584081,60.79,0.44163312960316187,0.3504001950188925,97.1457619667053,4,3,4,4,4,5,10,2,1
-668337292353297871,60.03,0.4383248955580887,0.35644578068500393,9.49911737442016,3,4,3,3,4,5,10,1,1
1510216873458659961,59.38,0.4336012310886688,0.3506927233575753,4168.1496255397,4,4,3,3,3,10,10,2,2
780103585342666012,59.49,0.4334783403560696,0.3518140819891928,537.857230901718,3,3,3,4,3,5,5,2,2
-1471283091682140057,60.42,0.44114976478310464,0.34664608133912983,1262.68748021125,3,3,3,4,4,10,5,2,2
-7602847896651523069,60.58,0.4404163098944467,0.352984195343924,17.08745455741882,4,4,4,3,4,10,10,1,1
2646363555578068340,59.47,0.4352146347314166,0.3582009507171008,9.45210933685302,3,4,3,3,3,5,10,1,1
-1583425330872075144,59.85,0.4352239778871131,0.3491813269410475,1728.26818084716,3,3,3,3,3,5,10,2,2
-3087449999348244371,61.27,0.4444655421111981,0.3433795148905051,1951.458361387252,4,3,4,3,4,5,10,2,2
-8234556250717028390,60.09,0.44031818496504094,0.35005891195709593,192.4580228328704,3,3,3,3,4,10,10,2,1
-7591342965522569984,60.48,0.4407977917624825,0.34664608133912983,632.036017417907,3,4,3,3,4,5,5,2,2
4757674843958910260,59.75,0.4330143410365336,0.35347174257506203,585.331519126892,4,3,4,4,3,5,5,2,2
4341021315036345738,60.67,0.4408445260224672,0.35015642140332354,97.7450439929962,3,3,4,4,4,5,10,2,1
-383138441472222435,60.22,0.4407419720545957,0.3505952139113477,46.37603116035461,3,4,3,3,4,5,5,2,1
3548249278199263307,59.06,0.4315862942684742,0.35654329013123154,4190.10354995727,4,4,4,4,3,10,10,2,2
7061661090260385964,59.33,0.43508537442716777,0.3570308373623696,17.05280470848083,4,4,3,4,3,10,10,1,1
67477854423650998,59.68,0.4351195841739371,0.35366676146751724,91.0469744205474,4,4,4,3,3,10,5,2,1
638479840179973484,60.71,0.44152300285560425,0.3453784585381709,1281.407353639602,4,3,3,3,4,10,5,2,2
-1419796226844929393,59.17,0.4329642462943142,0.3549831389915899,3965.06313204765,3,3,4,3,3,10,10,2,2
-9001171855909487192,59.88,0.4358606764240429,0.352496648112786,182.4905040264129,3,3,4,3,3,10,10,2,1
